/m/07yv9	1007002
/m/0jjw	757499
/m/0c9ph5	723262
/m/01g317	645689
/m/05s2s	574895
/m/07j7r	571348
/m/09g5pq	463801
/m/02wbm	456241
/m/0jbk	435075
/m/06npx	432137
/m/01g6gs	384532
/m/016nqd	384355
/m/09t49	382878
/m/06ntj	375474
/m/02cqfm	375032
/m/03d49p1	373568
/m/01mwkf	370968
/m/01v728	351268
/m/03bmqb	345984
/m/036qh8	345694
/m/03nfmq	341475
/m/01x314	340014
/m/035qhg	338649
/m/0cgh4	336640
/m/04sjm	335740
/m/0k4j	330722
/m/083vt	329275
/m/05h0n	322584
/m/04k84	321028
/m/019sc6	319811
/m/01prls	314627
/m/01n32	313978
/m/02cwm	309873
/m/05wkw	309838
/m/039jbq	308703
/m/01bwr	305162
/m/0krfg	300079
/m/01sdr	296520
/m/03rbf6	296426
/m/09qqq	292098
/m/02l215	291295
/m/07bsy	285700
/m/06z0n	284058
/m/01kyr8	283238
/m/038hg	281779
/m/01bqvp	281264
/m/01lxd	279838
/m/01l7t2	277826
/m/088fh	274593
/m/05_5t0l	274313
/m/019sc	274055
/m/09d_r	269325
/m/04mx32	268800
/m/0djmp	265803
/m/06gfj	264407
/m/02ht342	264039
/m/02rfdq	263695
/m/01cd9	258883
/m/01d74z	258112
/m/01c8br	256480
/m/02hnx9	255581
/m/09686	254474
/m/01l0y0	253998
/m/0csby	252956
/m/0d1n2	251813
/m/02_ktj	251752
/m/02nfxt	249830
/m/02csf	241292
/m/01g5v	240680
/m/0fpdgl	240212
/m/01ctry	240041
/m/03gq5hm	238122
/m/025rw19	237166
/m/0b5gs	231307
/m/0dx1j	229237
/m/03jm5	226042
/m/0h8ls87	224551
/m/068jd	223097
/m/083jv	222640
/m/09j2d	222553
/m/01280g	221988
/m/034z7h	220343
/m/0180xr	220086
/m/08t9c_	218909
/m/02q08p0	216197
/m/01cbzq	215170
/m/01kr8f	214892
/m/02fm9k	214135
/m/01b3l7	213805
/m/038t8_	211655
/m/025s3q0	210318
/m/01f4td	209192
/m/01l0mw	207897
/m/017kvv	207871
/m/04rky	207254
/m/03scnj	207254
/m/07s6nbt	207230
/m/07pw27b	206020
/m/04_5hy	205507
/m/06fvc	204707
/m/017m8l	198921
/m/06_dn	196958
/m/0754v	194130
/m/0n68_	193938
/m/0134l	193405
/m/03qtwd	191825
/m/011s0	191387
/m/01zbnw	191307
/m/0bl0l	189289
/m/0838f	189271
/m/07glzq	188740
/m/02py09	188654
/m/05kq4	188381
/m/01gq53	188202
/m/02mhj	186985
/m/043rvww	186818
/m/01ykh	185410
/m/05fblh	183853
/m/09dv7	182187
/m/03ktm1	181708
/m/0ytgt	181191
/m/06ht1	180649
/m/01n5jq	179542
/m/04ggh49	179289
/m/04_5sg	176401
/m/086mh	176220
/m/02zr8	175195
/m/05wrt	175044
/m/0k65p	174881
/m/06cnp	174791
/m/068hy	174475
/m/09jwl	174219
/m/0jg24	173784
/m/01fdzj	173492
/m/083wq	172488
/m/0866r	171942
/m/0d4v4	171217
/m/02jjt	168502
/m/023bbt	168025
/m/01dv4h	167492
/m/02nvjx	166174
/m/04rlf	166091
/m/01l56l	164968
/m/025tn5c	162590
/m/0b3yr	160647
/m/05qjc	160099
/m/015lz1	159883
/m/06msq	159861
/m/02ljgl	159649
/m/08g_yr	159403
/m/0hnc1	156848
/m/0hwky	156122
/m/01b2w5	154840
/m/01b3kg	154468
/m/0gqbt	153081
/m/0b_fd	152749
/m/0bmgjqz	151265
/g/11jxkqbpp	150353
/m/04hgtk	150205
/m/013y0j	149791
/m/01jwgf	148562
/m/01txr2	148431
/m/083s2	147429
/m/0l7_8	146435
/m/07bx10	143728
/m/016q19	143396
/m/036hv	143131
/m/02jwqh	143056
/m/04wxr	143035
/m/05zdp	142828
/m/0138tl	141232
/m/04h4w	140675
/m/04yx4	140163
/m/019cfy	140142
/m/02mwzg	140047
/m/025st_8	138771
/m/015p6	138718
/m/0hr5k	137922
/m/01c34b	136926
/m/0ds4x	135935
/m/01qls	134736
/m/01fklc	134697
/m/02p0sll	133971
/m/079cl	133918
/m/01lcwm	132037
/m/01350r	130831
/m/01jddz	130262
/m/0bkqqh	129436
/m/0557q	127199
/m/02y3rj	126900
/m/03q69	126779
/m/01v327	126273
/m/013_1c	125900
/m/07bxq	125419
/m/014sv8	125418
/m/033lpr	124704
/m/032tl	124440
/m/0c_jw	124438
/m/099fz	122678
/m/02qbl1m	121422
/m/0dzct	120502
/m/05qdh	120036
/m/01b2q6	119548
/m/0204fg	119524
/m/0355cw	118556
/m/081pkj	117734
/m/03f35r	117733
/m/033j3c	116697
/m/01vkl	116314
/m/019jd	115226
/m/01f43	115045
/m/0h8lhsd	113895
/m/0k0pj	113334
/m/03xxp	113074
/m/07sn5gn	111811
/m/01m0lg	111481
/m/01ctsf	111346
/m/012mq4	110110
/m/0brn2d	109346
/m/0jwzhtg	108991
/m/06l8d	108861
/m/06zsq	108604
/m/01y3fy	107784
/m/07yxk	107226
/m/02p0tk3	106565
/m/068mqj	106461
/m/0270h	106083
/m/09cynt	105318
/m/0d1pc	104253
/m/0215n	103978
/m/0jyfg	103720
/m/039jq	103690
/m/0vlys	101435
/m/05fwb	101310
/m/017r8p	101094
/m/06bm2	101049
/m/06wtgq	100575
/m/01klb9	100518
/m/018vpr	100235
/m/021mp2	99986
/m/03nxtz	99954
/m/0dnr7	99903
/m/07p82rh	98838
/m/0250x	98292
/m/021dfr	97369
/m/05zppz	97348
/m/015r61	97110
/m/0j7ty	96568
/m/05b0n7k	96538
/m/0hm03	96410
/m/093shy	96400
/m/0h_m	96324
/m/02mnkq	96324
/m/07c1v	95471
/m/0hz4q	95335
/m/03vt0	95321
/m/03c0bxg	94921
/m/01ckgp	94615
/m/0bt9lr	93405
/m/0271t	92969
/m/015bv3	92318
/m/0166ls	91699
/m/0hkvx	91383
/m/0j_s4	91183
/m/0fkrk	90791
/m/0pgl9	90252
/m/039v1	89979
/m/01ttd6	89145
/m/09ggk	88728
/m/0dpvm	88252
/m/0hkf	87738
/m/01b4q9	87040
/m/05sm1	86674
/m/04p25	86347
/m/056mk	86180
/m/06z04	85311
/m/01rzcn	85147
/m/01wb7	84705
/m/063km	84695
/m/01w5c_	84394
/m/011l78	84338
/m/035r7c	82827
/m/0f28m	82703
/m/0750y	81551
/m/081rb	80807
/m/0bpxlzj	80730
/m/0pvlz	80448
/m/0chml9	80194
/m/0ldpy	79917
/m/01d40f	79648
/m/03m9d0z	79302
/m/049_3v	78475
/m/03g3w	78251
/m/01z5f	78080
/m/0fzyg	78015
/m/0hr8	78015
/m/0ds5b	77720
/m/031bff	77488
/m/0hrcj2p	77296
/m/0k5j	77008
/m/01k74n	76766
/m/016c4t	76164
/m/0ch75fj	75691
/m/016c68	75542
/m/03d1rd	75459
/m/02q3d5	75285
/m/05r655	74916
/m/019nj4	74880
/m/01c7cq	74820
/m/0jfd5	74769
/m/01jm2n	74295
/m/0f4s2w	73706
/m/06d4_	73626
/m/03bt1vf	73137
/m/025qfg	72928
/m/01bgsw	72819
/m/0199g	72507
/m/02zsn	72485
/m/01wkk9	71857
/m/080byt0	71355
/m/09x0r	71315
/m/02pkb8	71302
/m/02jfc	71049
/m/0f0q9	71003
/m/02tjx	70381
/m/083mg	70354
/m/015kr	69465
/m/05zp8	69274
/m/0173tc	68999
/m/01c4rd	68320
/m/01bl7v	67890
/m/03m4wn	67780
/m/034srq	67762
/m/01445t	67735
/m/02swz_	67399
/m/029zz6	65806
/m/01540	65552
/m/0184rb	65135
/m/01h6rj	64261
/m/05y5lj	63952
/m/09q2t	63565
/m/0cfs8	63325
/m/06hyd	63317
/m/01515d	63055
/m/02xwb	62708
/m/0463sg	62469
/m/0cmf2	62411
/m/0cfkj	62159
/m/06m_p	61809
/m/0294jb	61774
/m/090j23	61610
/m/02mf1n	61501
/m/04scj	61448
/m/03gfsp	61421
/m/0d8cn	61290
/m/02pyg	61181
/m/04rd7	60995
/m/09j5n	60794
/m/015c4z	60785
/m/09dhj	60767
/m/0dkw5	60298
/m/0j6m2	59953
/m/020m7t	59641
/m/01vk9q	59596
/m/012mj	59479
/m/02vzx9	59167
/m/0g8p9	59135
/m/014f__	58478
/m/016z4k	58220
/m/03x045	58202
/m/0521dbh	57147
/m/03psdn	56948
/m/09cx8	56390
/m/0dzf4	56204
/m/01xq49	56159
/m/023907r	55759
/m/03k5cs	55605
/m/01qkbx	55541
/m/01k0mv	55204
/m/01gd91	54677
/m/01yrx	54640
/m/06z37_	54031
/m/0gbbt	53569
/m/013vs	53371
/g/11k2xz7mr	52984
/m/0342h	52957
/m/0dfbw	52813
/m/06mg_j	52585
/m/01r1z5	52391
/m/012f08	52223
/m/026yq0z	51805
/m/01lqfm	51522
/m/01c791	51520
/m/01h6cb	51466
/m/0pd7	51388
/m/020ys5	51373
/m/02v0m2	50952
/m/0jnvp	50783
/m/0cz_0	50696
/m/03vtj	50596
/m/04stdlw	50344
/m/018lrm	50143
/m/099md	50090
/m/067408	49906
/m/013m1	49855
/m/0283dt1	49820
/m/012sbd	49618
/m/07jdr	49504
/m/01h8n0	49498
/m/02bbq	49435
/m/0307l	48867
/m/06q74	48576
/m/0cjvf	47885
/m/025s53m	47853
/m/0280nh	47798
/m/01r_pn	47619
/m/01sg9l	47404
/m/02vx4	47291
/m/03xwlw	47179
/m/03bt1gh	46975
/m/0dv34	46932
/m/01sgl	46275
/m/0jqb	46054
/m/02309j	45712
/m/026bk	45385
/m/07k6w8	45385
/m/04_fs	45245
/m/0lcd	45131
/m/03gq1	44838
/m/01l7qd	44735
/m/020wcz	44712
/m/031hrg	44588
/m/01bq8v	44582
/m/03233l	44567
/m/01jnvt	44534
/m/0c_6z	44240
/m/02xh1	44065
/m/03218s	43789
/m/0388sn	43749
/m/014dsx	42992
/m/02hcw1	42918
/m/0541p	42896
/m/0191f8	42867
/m/0lhr	42047
/m/06j11d	42000
/m/0zkm	41963
/m/0cx45	41942
/m/0f1tz	41841
/m/09y4pm	41537
/m/0m9cj	41428
/m/0ncqpsr	41416
/m/02w08	41263
/m/050vn	41165
/m/0_mjp	40831
/m/05c0n6k	40446
/m/034wh	40310
/m/0bs7_0t	40284
/m/033rq4	39872
/m/06d_3	39708
/m/0crtnw	39705
/m/052lwg6	39672
/m/03w43x	39599
/m/0kw6d	39409
/m/01g0g	39357
/m/03f6tq	39171
/m/0ds99lh	39080
/m/04bcr3	38831
/m/0grl_	38599
/m/04szw	38453
/m/02pvbb	38071
/m/01_m7	37968
/m/08jpwt	37861
/m/088l6h	37600
/m/05fc9mj	37475
/m/01vq3	37442
/m/07s3m	37076
/m/03htg	37042
/m/012qdp	36987
/m/0df8xq	36978
/m/02ksmb	36828
/m/02cwf_	36597
/m/02dkrm	36566
/m/033kf	36454
/m/01fnns	36289
/m/0h8jxfl	36192
/m/019w6h	36153
/m/02jf28	36121
/m/0gkxy13	36066
/m/012h24	35990
/m/02tcwp	35986
/m/01pvk	35932
/m/019qw9	35873
/m/089v3	35735
/m/07yr8h	35721
/m/09l9f	35578
/m/02mm_	35527
/m/01nz0z	35495
/m/01nblt	35232
/m/014yck	35139
/m/01lwf0	35098
/m/0hlzt	34928
/m/010jjr	34848
/m/01nd_n	34789
/m/04n7gmg	34774
/m/01jb4	34705
/m/02pd__z	34602
/m/01d9ll	34318
/m/0l5r	34144
/m/01bqwh	34136
/m/011_f4	34111
/m/05229	34065
/m/0gl2ny2	34057
/m/02wtjj	33610
/m/081hv	33582
/m/02mrp	33520
/m/0191_7	33491
/m/0c02pp7	33217
/m/0gg8brk	33161
/m/09lbv	32980
/m/02hnl	32972
/m/02dgv	32781
/m/04shl0	32405
/m/03y_qy	32329
/m/0ltfs	32138
/m/0263lr1	32094
/m/05_4_	32086
/m/03hs7k	32068
/m/0ch_cf	31950
/m/04h5c	31923
/m/04jph85	31526
/m/01sfb5	31499
/m/0k2n5	31177
/m/0vg8	30858
/m/01p468	30767
/m/0f85g	30762
/m/027x7n	30674
/m/01jfm_	30560
/m/0kpmf	30516
/m/08y7p8	30448
/m/06h7j	30424
/m/04_sv	30270
/m/02l5zk	29888
/m/01ww8y	29757
/m/03cjrt	29753
/m/01vw0_	29550
/m/03h5wy	29544
/m/0jffp	29472
/m/07pbfj	29456
/m/0d_2m	29252
/m/02nnps	29115
/m/01bjv	29076
/m/047vmg8	29071
/m/0fx80y	29005
/m/02qm2x	29003
/m/015h_t	28933
/m/0369ss	28926
/m/0404d	28893
/m/07r04	28818
/m/08t0vy	28686
/m/01czv3	28557
/m/016nsr	28305
/m/04qgp	28277
/m/0jc_p	27804
/m/01h_1n	27664
/m/02lts	27637
/m/0f45l	27444
/m/0ctrp	27412
/m/0d7s3w	27363
/m/0fq22vb	27297
/m/01cs_p	27120
/m/020g49	27097
/m/035y33	26970
/m/01c6yl	26802
/m/01g50p	26683
/m/02s3y	26510
/m/0d8lm	26417
/m/0j24d_1	26401
/m/012ww9	26248
/m/0ltv	26221
/m/01xsb3	26118
/m/09rgp	25832
/m/07djv	25621
/m/04g3r	25585
/m/01s8fx	25485
/m/03qsdpk	25428
/m/03v7tf	25326
/m/015y8h	25318
/m/06pg22	25193
/m/037rzs	25174
/m/01c7d3	25099
/m/016g8_	24945
/m/0d5gx	24703
/m/011yvr	24476
/m/0lf0n	24427
/m/06bt6	24396
/m/09l65	24327
/m/01pbjy	24215
/m/016nqt	24186
/m/04dr76w	24185
/m/017rtb	24115
/m/01ft8k	24086
/m/08863x	24061
/m/07vwy6	24060
/m/06pj2k	23943
/m/079bkr	23940
/m/0hjzp	23821
/m/039l3v	23735
/m/06gl1	23513
/m/0by0z	23494
/m/047vlmn	23434
/m/01599	23361
/m/02h66g5	23315
/m/01y8xw	23222
/m/04hyxm	23057
/m/0bpm4bq	23006
/m/0p1c1	22999
/m/03ctrlg	22943
/m/039xj_	22917
/m/026t6	22885
/m/0j2kx	22847
/m/0h9mv	22841
/m/0410tth	22759
/m/0dhz0	22739
/m/012v4j	22621
/m/04rjz	22564
/m/07_lq	22399
/m/05wgwh	22350
/m/02w3hl	22237
/m/02fhdf	22158
/m/0b_rs	22113
/m/04ffcj	22104
/m/02wg8	22027
/m/07b9p1	22026
/m/0fszt	22002
/m/016br2	21886
/m/0f5lx	21835
/m/03vnt4	21794
/m/05pd6	21697
/m/04zhd	21574
/m/0py27	21554
/m/0g2z8	21553
/m/0btp2	21546
/m/01g81	21546
/m/01cv4r	21485
/m/0cb0xm	21413
/m/01lrl	21411
/m/03hrb5	21352
/m/0jxy	21299
/m/03hr1p	21145
/m/0ql23	21092
/m/0b4zhm	21064
/m/09qf5	20977
/m/01f5gx	20926
/m/01d1dj	20882
/m/03vntj	20764
/m/09ddx	20555
/m/0cyf8	20491
/m/03thgk	20464
/m/03y3sg	20217
/m/03xxq7	20185
/m/040n1z	20169
/m/03k3r	20102
/m/042g2h	20094
/m/02p1xh	20054
/m/056ks2	20052
/m/0bby24z	20047
/m/051rmm	20026
/m/0ds4250	20010
/m/0cnfpz	19923
/m/0hlzc	19879
/m/0fc1fy	19765
/m/0ddnl	19754
/m/06rrc	19738
/m/083kb	19673
/m/02xl47d	19643
/m/026z9	19584
/m/0lyw6	19485
/m/04ztj	19443
/m/0m931	19339
/m/0kh8w	19297
/m/06nwz	19270
/m/0dwx7	19250
/m/037cyw	19185
/m/01n6fd	19146
/m/020dwk	19141
/m/01mqdt	19114
/m/01cv98	18956
/m/0wfrc8w	18948
/m/0490jd	18907
/m/0bp_2p	18813
/m/080dk2h	18742
/m/02mk9	18660
/m/0d2ww	18649
/m/01kt56	18612
/m/016x44	18578
/m/0hsrw	18578
/m/025s8bs	18531
/m/01j04m	18500
/m/01c_0l	18374
/m/04t7l	18276
/m/01xw9	18222
/m/0404y4	18216
/m/0jp31	18145
/m/0jzz1	18140
/m/0ggjrhd	18070
/m/018kg	17924
/m/06gjp9	17889
/m/0dnhy	17868
/m/02p4bv	17855
/m/025sn53	17828
/m/01jypq	17773
/m/0335j	17731
/m/0blz9	17658
/m/027zgtw	17464
/m/0bq66hh	17459
/m/037n8x	17440
/m/02p0_xl	17439
/m/09qd1	17370
/m/02vk6x	17332
/m/01xgsv	17327
/m/018xm	17288
/m/0j272k5	17143
/m/03hh2k	17115
/m/04lbp	17042
/m/07k3c	17025
/m/02yjc	16983
/m/01phq4	16974
/m/012c9l	16896
/m/0284w	16889
/m/018jz	16879
/m/06dmh	16875
/m/01kgp6	16872
/m/03kj4q	16841
/m/0dw_m	16737
/m/03wvy	16728
/m/06z4ng	16719
/m/019p5q	16709
/m/03hrn8	16686
/m/011lx	16638
/m/0csh5	16602
/m/0sgh53y	16541
/m/03txxp	16508
/m/09738	16358
/m/017ftj	16345
/m/0gjbg72	16323
/m/05y1k_	16219
/m/018vs	16144
/m/03rnh	16135
/m/03mp1	16056
/m/06wrt	16026
/m/03hfn0	15955
/m/02k_k3t	15937
/m/0j2hg	15886
/m/0hhdb	15869
/m/03931h	15842
/m/014y4n	15840
/m/02d46y	15838
/m/04sk75	15809
/m/03hs6w	15788
/m/0bt_c3	15748
/m/01h80k	15741
/m/01__sk	15737
/m/01kv7h	15701
/m/0hlhl	15696
/m/0641k	15642
/m/050h26	15522
/m/0h36z	15494
/m/03b6_4	15336
/m/055sg	15298
/m/037p5b	15277
/m/050k8	15264
/m/0h8pb3l	15238
/m/05npqn	15187
/m/017h86	15152
/m/053f5	15130
/m/01pxgq	15115
/m/01xmqj	15103
/m/0464z4	15070
/m/080sjd	14980
/m/06y_bg	14931
/m/0199b0	14893
/m/02_41	14886
/m/09gg3	14830
/m/0d4vn	14815
/m/013s93	14785
/m/01vnb	14707
/m/01lynh	14591
/m/06n0gv	14572
/m/021w6f	14553
/m/017rnr	14523
/m/02prwx	14474
/m/0hsrd	14429
/m/01_bhs	14383
/m/01rh7y	14379
/m/03qwvw	14359
/m/0g6b5	14291
/m/0dvg9	14275
/m/01jnzj	14241
/m/04gvhhy	14239
/m/0539n0	14237
/m/081qc	14223
/m/03cg49	14206
/m/02gx17	14143
/m/0d38m	14079
/m/0hl08	14034
/m/012shk	13998
/m/0711_5	13870
/m/04wv_	13849
/m/05tfch	13833
/m/070qm	13787
/m/01x5q	13749
/m/0cdl1	13741
/m/0dzdr	13724
/m/06m11	13710
/m/04xc_d	13709
/m/02w3_2	13674
/m/02wc6z	13654
/m/0fkwjg	13605
/m/063r3	13568
/m/027xhm0	13567
/m/0h6dlrc	13550
/m/03f5jh	13534
/m/0hyyb	13522
/m/090f96	13486
/g/12233hjw	13417
/m/086nh	13361
/m/027n3_	13321
/m/0ctsx	13296
/m/04ndr	13294
/m/03gkl	13270
/m/0h8jmzl	13268
/m/01bqgn	13253
/m/0f447	13232
/m/08yp1s	13231
/m/04_tb	13221
/m/0bynt	13188
/m/0hyb2	13172
/m/0168g6	13160
/m/01jp76	13152
/m/0c2lp	13140
/m/062zrt	13108
/m/0l_br	13105
/m/0dpm1v	13072
/m/0by3w	13052
/m/09ddf	13049
/m/0bp3f6m	13042
/m/02q13x7	13030
/m/0lvlk	12998
/m/027dwg0	12945
/m/02p6k8p	12935
/m/01w_gm	12884
/m/0b6w2z	12717
/m/0nsv	12669
/m/06wqb	12667
/m/01mtb	12662
/m/034qg	12662
/m/025s35_	12643
/m/0c0ygc	12629
/m/0467y7	12620
/m/0336h	12581
/m/05gz5	12580
/m/0643t	12535
/m/01gxtf	12518
/m/06c4_m	12510
/m/01wh_8	12417
/m/0fpjlj9	12364
/m/01r8w	12347
/m/02kdmz	12311
/m/0gs32y	12261
/m/09hkc	12228
/m/0dgsmq8	12154
/m/01xq0k1	12154
/m/015z_b	12130
/m/02500f	12115
/m/0c23pz	12078
/m/0220r2	12073
/m/0dc_v	12018
/m/0vllx	11991
/m/01mzpv	11978
/m/0l14_3	11965
/m/01833w	11895
/m/019tzd	11828
/m/02jxn5	11809
/m/0h2r6	11778
/m/02wszf	11761
/m/0cl9t3p	11754
/m/01s4b5	11744
/m/070m9	11706
/m/04c41_	11701
/m/0hhbr	11690
/m/0195fx	11672
/m/025nd	11659
/m/025t3bg	11658
/m/0b42l9	11653
/m/04h8h	11634
/m/03ssj5	11611
/m/021mh_	11604
/m/0lym8	11595
/m/0b4_rz	11566
/m/028c4_	11528
/m/0m91c	11509
/m/02xlf	11496
/m/0dzd8	11482
/m/062581	11481
/m/09cmq	11465
/m/041q5g	11387
/m/07p_zw	11377
/m/0cc6_9k	11364
/m/0djtd	11363
/m/03vd46	11346
/m/03c866	11323
/m/0dp7vs	11319
/m/08854	11312
/m/075_ys	11285
/m/06bvp	11205
/m/0cnq0	11161
/m/01jpn4	11087
/m/0ghpy	11071
/m/0117z	11063
/m/071p9	11032
/m/0f6x8	11027
/m/01f415	11007
/m/01h3n	11001
/m/05nnm	10988
/m/0dnkv	10976
/m/01jyr1	10945
/m/05ws7	10929
/m/0sy84	10899
/m/04_x4	10896
/m/018rqw	10852
/m/03s0c	10787
/m/06nb_j	10781
/m/020vl	10778
/m/055s40	10714
/m/014ht3	10677
/m/03xr7y	10672
/m/019w40	10645
/m/017y8_	10635
/m/0919rx	10620
/m/02079p	10613
/m/045jsc	10597
/m/0cvq3	10591
/m/0cnmr	10555
/m/03jn2m	10534
/m/01pvc5	10494
/m/02zkn_	10484
/m/01mfj	10457
/m/0bysjw	10455
/m/03ljvf	10455
/m/0hr1s_w	10427
/m/01g8j	10419
/m/02pkr5	10313
/m/02qdwbp	10304
/m/02dl1y	10278
/m/011_dp	10272
/m/07ptj3n	10263
/m/07s053t	10211
/m/05xjb	10183
/m/01sqnx	10155
/m/014xcs	10153
/m/0gd2v	10148
/m/035f_j	10140
/m/0bp37nz	10114
/m/0h55b	10110
/m/04lmyz	10105
/m/0121tl	10088
/m/01dqkc	10075
/m/071k0	10026
/m/01qwsw	10013
/m/0jm_	10009
/m/02phwj2	10000
/m/05qb9l1	9989
/m/02h664g	9980
/m/0hjf	9965
/m/01spzs	9965
/m/0grw1	9946
/m/01z9v6	9911
/m/01bsxb	9883
/m/062zr	9872
/m/01s105	9839
/m/09qkx	9777
/m/03ft6m	9775
/m/08w8zl	9765
/m/0l14md	9755
/m/02jp1h	9679
/m/0b_hy9	9655
/m/02h7lkt	9647
/m/05dlb	9633
/m/01gs6f	9632
/m/018w8	9620
/m/09ct_	9611
/m/01v4jb	9562
/m/01shdw	9545
/m/0w7s	9543
/m/018ktp	9537
/m/02ntc1	9522
/m/01443y	9519
/m/08dz3q	9509
/m/020fsy	9506
/m/01q7l	9490
/m/04zm7_	9441
/m/02w11w8	9441
/m/06w7n5d	9414
/m/0ggjh_8	9391
/m/04m6gz	9390
/m/01p3xl	9373
/m/0fz0z	9367
/m/0dxb5	9366
/m/02yj3w	9365
/m/02l341	9338
/m/06hps	9335
/m/03120	9323
/m/011y23	9296
/m/01syxg	9262
/m/0158vt	9245
/m/07b2m8	9244
/m/0178g	9234
/m/04xvs0	9222
/m/042fmw	9188
/m/0169zh	9167
/m/03c5wm	9164
/m/0j85	9134
/m/07kfm	9126
/m/01z1m1x	9125
/m/0ckc5	9095
/m/03zrlf	9095
/m/03d2wd	9092
/m/03zsp5	9088
/m/05hg54	9048
/m/012rvq	9039
/m/0fd6q	8991
/m/05sxvp	8987
/m/0230w	8961
/m/0db79	8951
/m/0403mwp	8936
/m/02q60ls	8926
/m/0hpjt	8920
/m/02_fkk	8910
/m/0glmwd6	8909
/m/08svdv	8880
/m/017knx	8859
/m/058dw	8844
/m/025s4r0	8831
/m/0dv5r	8797
/m/01j3sz	8753
/m/0wgys6n	8714
/m/0284d	8712
/m/016x4z	8703
/m/0167gd	8689
/m/0lqk	8639
/m/0hgrj75	8624
/m/0cnxs6x	8529
/m/07bjf	8521
/m/0fy9p2	8517
/m/05zmzn1	8494
/m/01rlnn	8490
/m/03lcss	8484
/m/0149r	8477
/m/09y2k2	8473
/m/0jxw5	8456
/m/08dmm7	8401
/m/026vz7	8383
/m/04ttsh	8367
/m/0196s4	8340
/m/01fpmd	8296
/m/0by2r	8287
/m/02n7rn	8281
/m/02czv8	8258
/m/0522cz4	8235
/m/01d0z1	8234
/m/02ngb1	8224
/m/0h8lsgn	8200
/m/039_j3	8196
/m/02qqd4n	8195
/m/03qnfyd	8193
/m/01qr50	8151
/m/026pc7x	8151
/m/08fgwk	8135
/m/03vcgb	8115
/m/01knjb	8104
/m/02r_57s	8086
/m/0h23m	8069
/m/03154	8040
/m/0m8_b	8023
/m/09kxp	8020
/m/09cjl	8014
/m/0ph39	8001
/m/04w7nv	7993
/m/025sv9y	7988
/m/0dw7n	7981
/m/05v_4b	7970
/m/05qsj	7939
/m/012v8q	7936
/m/02y2l_	7929
/m/0c28q	7924
/m/01j61q	7921
/m/0l154	7913
/m/06ngk	7908
/m/02jd5z	7908
/m/01rwk	7895
/m/0f9swq	7875
/m/0jh8w	7849
/m/01t2ln	7806
/m/0c7g7	7780
/m/031vtq	7774
/m/07hxn	7768
/m/021sj1	7761
/m/01_x9	7741
/m/05t06b	7725
/m/018jrr	7717
/m/0n42jw2	7708
/m/01cmcs	7706
/m/023j4r	7683
/m/027_ny3	7681
/m/09kx5	7673
/m/0h2mp	7669
/m/052sf	7667
/m/02pdvpt	7654
/m/05jnl	7650
/m/07txbq	7636
/m/03p2h9	7636
/m/0cxn2	7593
/m/01jf71	7569
/m/0cffdh	7523
/m/025sf8x	7518
/m/02_5_z	7514
/m/03wb2z	7510
/m/08h71_	7508
/m/0g61v	7484
/m/0261m	7475
/m/0g4cd0	7459
/m/02p5f1q	7440
/m/01lrnl	7428
/m/076t48l	7419
/m/018rn4	7418
/m/026y56	7417
/m/071j9r	7399
/m/03_qm	7382
/m/016xt7	7381
/m/0dxnmb	7365
/m/01c648	7362
/m/052mx	7327
/m/01d_tk	7327
/m/06_g7	7315
/m/0hgs7v4	7278
/m/032rk	7274
/m/04mkbj	7271
/m/04gh1	7268
/m/01bq4	7263
/m/01rd5z	7257
/m/082bv	7237
/m/071qp	7231
/m/06wyv	7226
/m/04mygm	7225
/m/0308t8	7203
/m/0d4wf	7194
/m/0f115	7194
/m/03ybsm	7186
/m/0h8nzzj	7149
/m/05kc29	7116
/m/048knlz	7113
/m/01bjxx	7102
/m/03c31	7084
/m/06f41	7063
/m/02yybg	7055
/m/02l7rx	7042
/m/06y47	7042
/m/025kyy	7025
/m/065qfx	6996
/m/03dj64	6961
/m/03s7w_	6946
/m/024g6	6943
/m/0mfnf	6927
/m/03hl4l9	6922
/m/0h8nvk9	6897
/m/04y7xr	6887
/m/015m2	6878
/m/0chbx	6878
/m/044p4l	6843
/m/02j71	6830
/m/0hf73	6814
/m/07bgp	6809
/m/0pqdc	6794
/m/09j1x	6789
/m/0cdnk	6781
/m/020jm	6772
/m/01m3tw	6760
/m/0crjs	6731
/m/06z6r	6721
/m/01wt5r	6721
/m/0c4f_	6707
/m/01dwxx	6683
/m/05m9t	6655
/m/05mqq3	6646
/m/02c66t	6644
/m/01748f	6624
/m/01ys2s	6573
/m/04h7h	6570
/m/07bg4p	6568
/m/03qzgq	6568
/m/084rsc	6555
/m/07ywl	6531
/m/027k49j	6506
/m/0z71l	6505
/m/01fnck	6502
/m/0dlk0vw	6484
/m/046glt	6471
/m/0f8cd2	6465
/m/02ym4x	6458
/m/02rlv9	6445
/m/01bjxj	6425
/m/03jj52	6411
/m/02ntq6	6401
/m/02qd_7	6391
/m/01fyrh	6389
/m/04_xn	6384
/m/0gjkl	6357
/m/016c3c	6318
/m/025_v	6303
/m/0xm0m9r	6296
/m/06g1w2	6294
/m/040kqv	6294
/m/05pjb	6289
/m/0h8jv05	6282
/m/012jg5	6279
/m/012n91	6256
/m/05x3jb	6252
/m/01hjj1	6236
/m/0d1tm	6228
/m/08pbxl	6226
/m/09csl	6210
/m/0j62f	6205
/m/01r2fb	6191
/m/04fdw	6182
/m/03c4j	6180
/m/02_58j	6169
/m/01d64p	6158
/m/01ymmt	6157
/m/01w71f	6153
/m/05zy0jz	6152
/m/0dvh9	6145
/m/03w7hp	6140
/m/0ggq0m	6137
/m/06xzh	6132
/m/01psvn	6130
/m/01j2bj	6126
/m/0267lq	6123
/m/05pdd_v	6104
/m/047fr	6098
/m/014cnc	6079
/m/01tt2n	6074
/m/02lggn	6055
/m/09728	6055
/m/04yqq2	6048
/m/0dr19	6040
/m/0dtln	6026
/m/01gkx_	6025
/m/0gzt5	6025
/m/09t4t	6011
/m/01j51	6011
/m/02h664x	5997
/m/04m9y	5994
/m/0gn_f	5990
/m/01v4lt	5965
/m/0cxwt	5955
/m/0h6hb8	5952
/m/017rgb	5931
/m/07c52	5930
/m/01b5w1	5922
/m/0g54v5d	5921
/m/028mzr	5917
/m/0h8ksfs	5916
/m/03bgj7	5913
/m/0dbvp	5907
/m/015zfz	5905
/m/0bwd_0j	5894
/m/04db_z	5885
/m/01hffk	5883
/m/0157l1	5882
/m/047rwq3	5881
/m/01tg1x	5877
/m/03gzqq	5873
/m/07wmbj	5864
/m/01y9k5	5852
/m/07cx4	5842
/m/020p1v	5829
/m/0jqgx	5826
/m/042v_gx	5825
/m/015zbk	5820
/m/038jz	5802
/m/02pz5g2	5794
/m/09nm_	5790
/m/0772h	5770
/m/04c38s	5768
/m/0m09	5766
/m/03mr6	5746
/m/089mxq	5736
/m/0km3f	5734
/m/01nq_x	5728
/m/07kbbhf	5722
/m/0swq_	5721
/m/0b26w3	5717
/m/02vqfm	5704
/m/0grtl	5691
/m/07k1x	5657
/m/01hrk6	5628
/m/01wcxw	5625
/m/09kmb	5619
/m/0dqb5	5606
/m/044gvx	5605
/m/0hv3g	5604
/m/02_5v2	5593
/m/0pcm_	5586
/m/03j1ly	5586
/m/0p_66	5585
/m/01b7b	5583
/m/043520	5580
/m/06kk62	5578
/m/03p1r4	5578
/m/0n5v01m	5564
/m/01vbb5	5564
/m/0b0fq	5563
/m/05zsy	5560
/m/07rlg	5550
/m/01www	5548
/m/07fbm7	5540
/m/02r0zt	5535
/m/02wv6th	5530
/m/0k362	5520
/m/0j_5b	5504
/m/04cmwn	5492
/m/05f725	5472
/m/02vk5tw	5469
/m/015ll	5460
/m/012ckm	5449
/m/0184yy	5443
/m/0_tbv	5421
/m/0275lwb	5396
/m/0gv1x	5395
/m/04f6rz	5391
/m/03_qhc	5376
/m/03rszm	5339
/m/03g09t	5326
/m/02t59k	5316
/m/05c1ypb	5277
/m/053hz1	5267
/m/018p4k	5265
/m/02q7ylj	5263
/m/0gw0_	5256
/m/01z45gc	5255
/m/02xz2	5252
/m/08hnjb	5251
/m/057p5t	5244
/m/03vc65	5222
/m/0d9wj	5210
/m/01s9m1	5198
/m/013xlm	5176
/m/01xqrf	5175
/m/02kvytt	5166
/m/03f52z	5160
/m/0b7z1	5159
/m/01w1vt	5150
/m/025rgl	5146
/m/062s4	5143
/m/05xnqg	5142
/m/0q0qv	5127
/m/026b60n	5117
/m/01tq2l	5116
/m/015_d	5105
/m/06zdj	5103
/m/05677z	5101
/m/01r8g	5098
/m/01m2v	5090
/m/039r6	5087
/m/0f6pl	5079
/m/09hlfz	5076
/m/0dbs2	5075
/m/0c06p	5075
/m/03n9vx	5066
/m/03_d0	5064
/m/02yq2x	5063
/m/01ft5b	5051
/m/0dxlf	5033
/m/01jgnh	5029
/m/0118ms9c	5022
/m/02522	5014
/m/0cmsl0l	5004
/m/019mk7	5000
/m/0kw94	4997
/m/03bdrd	4986
/m/0ds61d1	4982
/m/02t2zd	4979
/m/01x3z	4976
/m/07j2f	4970
/m/0d7v_	4967
/m/02z6033	4960
/m/04qvtq	4957
/m/0314n	4952
/m/09dj50	4949
/m/06bqd	4946
/m/068k4	4932
/m/04yhpc	4930
/m/019fyk	4929
/m/04tr8s	4924
/m/09kjlm	4923
/m/0m926	4889
/m/03tmr	4882
/m/09ld4	4882
/m/0f6wt	4852
/m/0gmk4	4852
/m/080hkjn	4846
/m/0f1mq	4841
/m/01bqk0	4816
/m/06nmjv	4812
/m/058v5	4809
/m/03c79	4807
/m/0f9kh	4806
/m/0hpx4	4802
/m/0ctfk	4774
/m/06h5_j	4772
/m/01hf_2	4771
/m/03sp5j	4768
/m/0lz1c	4761
/m/03ty65	4753
/m/0335ws	4748
/m/0fp7c	4745
/m/01rynr	4720
/m/02l6bg	4720
/m/054bkc	4717
/m/02vkl_w	4695
/m/01qhp_	4691
/m/0dytr	4688
/m/02_2f1	4665
/m/04spm	4663
/m/0fbdb	4657
/m/029g_9y	4639
/m/03qtd73	4633
/m/03qqnt	4626
/m/032b3c	4624
/m/079dl7	4623
/m/011jbn	4622
/m/01f116	4620
/m/060snx	4601
/m/04gth	4592
/m/094jc	4584
/m/01q4vl	4580
/m/01295w	4580
/m/078my	4579
/m/0db2f	4571
/m/0cnyhnx	4569
/m/03fcmz	4564
/m/032wfk	4555
/m/0h5y1j0	4546
/m/03gq92j	4542
/m/095yjj	4529
/m/01brf	4520
/m/08hhz2	4512
/m/0htd3	4512
/m/01gj4c	4509
/m/019ctc	4503
/m/0dm6dl	4500
/m/05542	4494
/m/052fxs	4489
/m/04bvzm	4488
/m/06cf7	4484
/m/06__v	4481
/m/024pk	4479
/m/03dtr	4478
/m/02hlnc	4468
/m/0dflpy	4456
/m/0l515	4453
/m/0k8hs	4445
/m/0hlw	4444
/m/01lgkm	4442
/m/032km	4431
/m/0269r2s	4430
/m/0ftb8	4427
/m/04pzb_	4423
/m/0ft9s	4422
/m/017xv3	4419
/m/01r9v	4412
/m/016f4d	4410
/m/06tzj3	4401
/m/09tvcd	4377
/m/04xsv	4374
/m/02xhr73	4366
/m/01n5cy	4365
/m/026smn	4355
/m/0b3fp9	4354
/m/093q8j	4349
/m/025tnyc	4344
/m/01__t	4328
/m/0dxn2	4327
/m/02bkg	4325
/m/031dt	4321
/m/01dws	4312
/m/0dftk	4292
/m/09b5t	4286
/m/01j6f0	4281
/m/03sx2d	4274
/m/02h_hw	4256
/m/014trl	4254
/m/0ngt1	4253
/m/0130jx	4252
/m/0142t_	4251
/m/0bxdx	4239
/m/04zx3q1	4237
/m/057gn	4234
/m/040h04	4229
/m/02c4kg	4228
/m/0h4wls	4225
/m/05r5c	4216
/m/01n3yx	4198
/m/0hzy2	4197
/m/03gkb0	4189
/m/07wpp2	4184
/m/02nx2gc	4184
/m/02p0w7s	4182
/m/096mb	4180
/m/015qff	4169
/m/058sv	4165
/m/01cgz	4160
/m/06mb1	4160
/m/06k2mb	4147
/m/01ysy9	4138
/m/01z1kdw	4118
/m/069fd	4114
/m/01tkqy	4113
/m/01knvc	4106
/m/0jb2l	4093
/m/01kbw8	4091
/m/09j06	4087
/m/09dzg	4087
/m/03w1r4	4078
/m/01yjkq	4078
/m/03bxt6z	4072
/m/03kr0	4066
/m/0h8n982	4057
/m/0277rq	4050
/m/025sylx	4050
/m/01_7l	4047
/m/01k050	4044
/m/06mf6	3993
/m/06qrr	3977
/m/0242l	3975
/m/026w19n	3971
/m/057cc	3969
/m/05kc0j	3963
/m/01504	3955
/m/027lt5	3955
/m/094lf7	3953
/m/02fj9	3935
/m/0bbbgt	3929
/m/026dd	3925
/m/04f62z	3920
/m/02bqth	3917
/m/0g02q	3914
/m/0153bq	3914
/m/03yf6k	3896
/m/037hz	3889
/m/0h5z20c	3886
/m/01mwy7	3885
/m/012ndj	3885
/m/0fm3zh	3880
/m/02slmm	3870
/m/012c4n	3870
/m/02r62_b	3869
/m/01llwg	3864
/m/014mpm	3862
/m/0b03ql	3861
/m/0d79jq	3859
/m/0hf35	3844
/m/0f48p	3843
/m/04f20t	3839
/m/0dxtw	3837
/m/01jnfv	3829
/m/039b5	3827
/m/0bxdf	3823
/m/0475mb	3815
/m/0wgq98_	3805
/m/02zrvn	3804
/m/02jspn	3797
/m/027s69l	3792
/m/03j2zx	3789
/m/047vl80	3785
/m/017ndv	3775
/m/010l12	3771
/m/028hh	3770
/m/02q8tbd	3767
/m/02s195	3762
/m/07_53	3762
/m/02qvnf	3760
/m/01fpbm	3757
/m/08790l	3754
/m/02rhkz	3749
/m/05qc_	3744
/m/0gty6zf	3732
/m/02pltrv	3715
/m/0p83l	3715
/m/078jl	3709
/m/01qlmc	3708
/m/04jkpd	3702
/m/0663v	3690
/m/07bs0	3686
/m/06w7v	3684
/m/019xd	3681
/m/05vyk	3679
/m/03hg06	3678
/m/025rhd	3677
/m/027khl8	3677
/m/0h9h0	3673
/m/0sxvh	3666
/m/03p66g	3651
/m/0dq6zp	3649
/m/02yvhj	3648
/m/0273gv	3647
/m/0j6jq	3638
/m/0279ct	3637
/m/03qc82_	3635
/m/020xxc	3634
/m/0dvvc	3622
/m/08qrwn	3617
/m/04w8xt	3613
/m/01fmbp	3610
/m/0drh_	3604
/m/03ms9p	3604
/m/01lb5	3602
/m/03fwl	3599
/m/0kh77	3598
/m/0m8q5	3589
/m/07jm90	3588
/m/0137k8	3584
/m/0cblv	3577
/m/0b48hv	3561
/m/07hgcp	3558
/m/025rv6n	3555
/m/09bgkl	3544
/m/04tc_	3535
/m/0fy9k	3532
/m/03cr0tg	3526
/m/03cny9	3524
/m/01pb__	3518
/m/01xqvb	3514
/m/0150fh	3509
/m/09wzt	3499
/m/015mm6	3498
/m/04brg2	3491
/m/07cmd	3489
/m/015fyw	3488
/m/02vk771	3478
/m/0d4cc	3476
/m/04l3lm	3472
/m/06fgw	3471
/m/0268t21	3467
/m/02n6m5	3460
/m/042ck	3458
/m/017bm6	3456
/m/0cdn1	3454
/m/04swrh	3452
/m/05sfw_	3445
/m/025rxsc	3444
/m/02jwq3	3442
/m/03f6tc	3433
/m/09fsk_	3432
/m/02dy7v	3432
/m/09spj9	3428
/m/013sbk	3419
/m/01k9lj	3419
/m/0l_yv	3419
/m/0wgq355	3417
/m/05zmb	3414
/m/01w1x1	3411
/m/04cvjcd	3411
/m/09w1n	3404
/m/01bwb9	3389
/m/01kcnl	3384
/m/02z04ty	3380
/m/03fp41	3365
/m/07h51	3363
/m/0hbj9	3362
/m/03lnzv	3355
/m/0qmh4	3341
/m/02021	3326
/m/015k7	3315
/m/01b638	3311
/m/06s908	3306
/m/09d5_	3296
/m/04lzmz	3291
/m/07cwvn	3291
/m/02t69s	3277
/m/0jnxw	3276
/m/01jsqj	3276
/m/0g2d3	3275
/m/0l14jd	3265
/m/01yttv	3265
/m/0d61m	3264
/m/039_px	3261
/m/0j91q	3250
/m/022ph9	3250
/m/01zxt7	3249
/m/0bpn3c2	3248
/m/025t0v3	3227
/m/03hk59	3220
/m/0215j4	3217
/m/02jj3m	3209
/m/09hyx	3209
/m/04gvnx	3202
/m/01224j	3200
/m/0ffjr	3200
/m/01b958	3199
/m/07dm6	3196
/m/03jydz	3195
/m/013sr7	3187
/m/0cyfs	3180
/m/01r546	3178
/m/03bm6	3173
/m/03ttd9	3168
/m/012n4x	3164
/m/02h6p1l	3157
/m/01z85	3146
/m/06_fw	3144
/m/015z8s	3143
/m/03rbzn	3141
/m/083p6f	3141
/m/0b44zl	3131
/m/0k88r	3130
/m/0197mw	3128
/m/01dy62	3128
/m/0l8fl	3127
/m/0280yrc	3127
/m/01rb6t	3124
/m/021mn	3123
/m/019dxh	3113
/m/05148p4	3111
/m/071rm	3111
/m/0lbxz	3097
/m/01tv9	3096
/m/03f0h4	3091
/m/01gg0y	3090
/m/026qcqv	3086
/m/08d_8c	3085
/m/06br8	3081
/m/0wgq8gt	3081
/m/052bc	3080
/m/0j_yc	3078
/m/01492b	3073
/m/01g2vp	3070
/m/03lq2	3070
/m/04s5jq	3065
/m/016m2d	3064
/m/04z7qr	3064
/m/0cbtm	3055
/m/07d0f	3053
/m/01cppc	3048
/m/01ntw3	3046
/m/022ch	3042
/m/01c35v	3041
/m/04vmpm	3041
/m/085n4	3036
/m/09l0j_	3035
/m/091410	3035
/m/09kjpq	3033
/m/0h0rv	3015
/m/01zxqd	3011
/m/0lnyz	3011
/m/048fg	3009
/m/01v46r	3001
/m/0n5szg6	3000
/m/0413y3	2998
/m/02ws6z	2992
/m/0d3qh	2988
/m/02j091	2983
/m/01p2t7	2975
/m/02p81ht	2973
/m/02hdxc	2964
/m/07v7c	2958
/m/0gwlg1	2952
/m/0g9vs81	2951
/m/0317s	2947
/m/06_4_k	2945
/m/09sdbh	2944
/m/07030	2939
/m/050h0q	2932
/m/05mk1s	2927
/m/0591sb	2927
/m/0hnnb	2915
/m/017fsk	2908
/m/071t0	2904
/m/01rw_4	2901
/m/0gd3n	2891
/m/08b9f0	2891
/m/0cpk7	2885
/m/0g0y_	2885
/m/0gvss07	2878
/m/07y_7	2874
/m/01tksn	2868
/m/02fxgn	2865
/m/04wjqw	2864
/m/01b_xd	2861
/m/07jmf	2857
/m/01krjr	2856
/m/0gzxy	2848
/m/02s4tj	2845
/m/01tp0c	2845
/m/028c_8	2842
/m/01qrmr	2835
/m/0gvkb	2835
/m/0983v	2833
/m/01ck7x	2832
/m/080jpd1	2830
/m/0g9wjzr	2826
/m/01kr41	2826
/m/03jvv0	2825
/m/0lyf_	2821
/m/03ydd_	2819
/m/0gms8	2817
/m/0bp510f	2814
/m/01v50j	2808
/m/02crq1	2808
/m/0d6n1	2807
/m/03lftc	2804
/m/01yx86	2798
/m/016b3m	2792
/m/01vqyv	2791
/m/0ch36lm	2790
/m/03bxgn4	2789
/m/0d4by	2784
/m/025rs2z	2782
/m/0gv35	2781
/m/03ns2k	2780
/m/01h7tx	2779
/m/031b6r	2779
/m/05yz00	2778
/m/01vbnl	2776
/m/06z3v	2766
/m/02p16pn	2765
/m/0pcq81q	2761
/m/045m16	2750
/m/03f34_	2749
/m/01_6hg	2746
/m/0y8r	2743
/m/07sh0l	2742
/m/01ht1r	2740
/m/01v4x4	2737
/m/03bk1	2736
/m/01nr56	2735
/m/0c5yy	2734
/m/02nbfq4	2733
/m/01llx7	2728
/m/01j0ry	2724
/m/01hr1w	2714
/m/01xwx2	2713
/m/09g1w	2713
/m/01lp7f	2712
/m/0dmq2	2709
/m/01ngsj	2706
/m/0hscv	2703
/m/04dz31	2701
/m/014kk_	2699
/m/036vg6	2698
/m/0h8lynm	2695
/m/04lc4	2695
/m/01vq6t	2694
/m/01_6mc	2694
/m/051ppn	2689
/m/064rk	2687
/m/0cd3bj	2685
/m/06zfw	2677
/m/047x57	2675
/m/01xyhv	2674
/m/0dt23n	2674
/m/0362v5	2673
/m/0csy8	2672
/m/0299pv	2667
/m/01jk5b	2665
/m/03bs3p	2665
/m/023t5p	2664
/m/01t032	2662
/m/04k_6h	2662
/m/01xxn0	2651
/m/01s6w2	2650
/m/04yclrg	2650
/m/05fny	2644
/m/08gqpm	2641
/m/05cmcg	2640
/m/07j87	2639
/m/0h8mhph	2638
/m/02519_	2638
/m/01yn01	2637
/m/0jtjg	2635
/m/0jq47	2634
/m/0h8kv5p	2622
/m/07jx7	2621
/m/02zfvv	2620
/m/01r24t	2618
/m/014sg5	2612
/m/025rvy6	2610
/m/04rmv	2600
/m/01c_9j	2599
/m/01c53d	2597
/m/0j0w6	2594
/m/01k3tq	2593
/m/065zvy	2585
/m/0f2b9	2582
/m/02q1b85	2582
/m/0cj6f	2579
/m/07l8p5	2579
/m/03vcw7	2578
/m/04tdfk	2577
/m/0k3b9	2575
/m/0642b4	2572
/m/02y6n	2571
/m/0296jp	2567
/m/01g4rl	2567
/m/01y2w	2566
/m/0d9_3	2566
/m/0h8l777	2560
/m/01j0xm	2558
/m/01pwdc	2557
/m/04xpvv	2556
/m/03pzx	2555
/m/03xbw	2554
/m/014j1m	2551
/m/0kfbd	2550
/m/01f6l	2548
/m/02w3w	2541
/m/05j7sp	2536
/m/0cyhj_	2532
/m/01kcd	2531
/m/0hkmy	2530
/m/09qgm	2523
/m/0lbf4	2522
/m/0cfk35	2520
/m/01yyk	2518
/m/05p50t_	2513
/m/0c1c2xl	2513
/m/014v7p	2512
/m/03tw93	2508
/m/07zs3l	2504
/m/0hgr6	2501
/m/0cp_p	2500
/m/0bpwf6g	2495
/m/018w1s	2494
/m/03nm8c	2492
/m/07bn8z	2491
/m/0kmg4	2487
/m/026zs_	2486
/m/026qbn5	2481
/m/02r7yb9	2475
/m/06ft48n	2475
/m/01npvx	2472
/m/023cbk	2471
/m/0pg52	2462
/m/02h90v	2461
/m/01h5yp	2456
/m/0bv199	2453
/m/0fr19	2446
/m/026qs53	2442
/m/01dgwv	2440
/m/0m0gc	2438
/m/05252qc	2438
/m/012047	2437
/m/0gd36	2429
/m/02w8p8p	2424
/m/01pd2g	2418
/m/0flg6	2418
/m/0jhgb	2417
/m/03z1rt	2417
/m/02dsz	2416
/m/03qtnt	2416
/m/02g597	2415
/m/090pbr	2414
/m/07s6bqg	2413
/m/01c4r0	2412
/m/01c778	2410
/m/0549d_	2406
/m/04lgq	2401
/m/0lxkm	2400
/m/0h1j7	2400
/m/0396p	2400
/m/07clx	2397
/m/02mjpr	2397
/m/05z6w	2396
/m/0wgq6y7	2395
/m/0kxk	2393
/m/0fqfqc	2390
/m/04p168	2389
/m/02qvl7	2387
/m/09696	2384
/m/04f44c	2375
/m/07qy1	2374
/m/02kysw	2368
/m/0cdn2d	2366
/m/0hzlg	2365
/m/02hj4	2355
/m/011k07	2352
/m/029tx	2350
/m/016btq	2349
/m/01h6d4	2348
/m/01zpz	2347
